country_code,country_name,lfs_year_2digit,n_oc2_codes,missing_oc2_codes,velocity,lens5c_klinger_weight_raw_2digit,lens5c_klinger_multiplier_2digit,lens5c_klinger_weighted_2digit,delta_vs_phase2_2digit,lens5c_klinger_weight_raw_1digit,lens5c_klinger_multiplier_1digit,lens5c_klinger_weighted_1digit,delta_vs_phase2_1digit,delta_vs_K1d,magnitude_amplification_K1d_to_K2,signal_amp_ratio_2d_over_1d,classification_2digit,classification_tight_2digit,lens5_composite_drag_old,lens5_composite_drag_new_1digit,lens5_composite_drag_new_2digit,delta_composite_vs_phase2_2digit,delta_composite_vs_K1d,capability_floor_breach_2digit,capability_floor_breach_1digit,derivation_method,notes
AT,Austria,2025,40,OC01;OC63;OC95,0.5203,0.28545,1.02399,0.53278,0.01248,0.26387,1.02117,0.53131,0.01101,0.00147,0.134,1.134,stable,tight-stable,0.4651,0.46785,0.46822,0.00312,0.00037,False,False,"ESCO-count-weighted Klinger 3-digit→2-digit; LFS lfsa_egai2d__custom_21241431, age=Y15-64, sex=T, year=2025, n_codes=40/43"," Suppressed OC2 codes: OC01, OC63, OC95"
BE,Belgium,2025,40,OC62;OC63;OC95,0.5414,0.29851,1.07081,0.57974,0.03834,0.27531,1.06544,0.57683,0.03543,0.00291,0.082,1.082,stable,tight-stable,0.49,0.49881,0.49958,0.00958,0.00077,True,True,"ESCO-count-weighted Klinger 3-digit→2-digit; LFS lfsa_egai2d__custom_21241431, age=Y15-64, sex=T, year=2025, n_codes=40/43"," Suppressed OC2 codes: OC62, OC63, OC95"
BG,Bulgaria,2025,42,OC63,0.4829,0.26858,0.96345,0.46525,-0.01765,0.24935,0.96498,0.46599,-0.01691,-0.00074,0.044,1.044,stable,tight-stable,0.5847,0.58046,0.58029,-0.00441,-0.00017,False,False,"ESCO-count-weighted Klinger 3-digit→2-digit; LFS lfsa_egai2d__custom_21241431, age=Y15-64, sex=T, year=2025, n_codes=42/43", Suppressed OC2 codes: OC63
CY,Cyprus,2025,39,OC62;OC63;OC82;OC95,0.5056,0.28388,1.01835,0.51488,0.00928,0.25956,1.00449,0.50787,0.00227,0.00701,3.088,4.088,stable,tight-stable,0.5049,0.50551,0.50722,0.00232,0.00171,False,False,"ESCO-count-weighted Klinger 3-digit→2-digit; LFS lfsa_egai2d__custom_21241431, age=Y15-64, sex=T, year=2025, n_codes=39/43"," Suppressed OC2 codes: OC62, OC63, OC82, OC95"
CZ,Czechia,2025,40,OC01;OC63;OC95,0.4915,0.26211,0.94025,0.46213,-0.02937,0.24335,0.94176,0.46288,-0.02862,-0.00075,0.026,1.026,stable,tight-stable,0.5624,0.55524,0.55506,-0.00734,-0.00018,False,False,"ESCO-count-weighted Klinger 3-digit→2-digit; LFS lfsa_egai2d__custom_21241431, age=Y15-64, sex=T, year=2025, n_codes=40/43"," Suppressed OC2 codes: OC01, OC63, OC95"
DE,Germany,2025,41,OC63;OC95,0.5415,0.28581,1.02526,0.55518,0.01368,0.26809,1.0375,0.56181,0.02031,-0.00663,0.326,0.674,stable,tight-stable,0.551,0.55611,0.55442,0.00342,-0.00169,True,True,"ESCO-count-weighted Klinger 3-digit→2-digit; LFS lfsa_egai2d__custom_21241431, age=Y15-64, sex=T, year=2025, n_codes=41/43"," Suppressed OC2 codes: OC63, OC95"
DK,Denmark,2025,40,OC62;OC63;OC95,0.5244,0.29649,1.06357,0.55774,0.03334,0.27021,1.04571,0.54837,0.02397,0.00937,0.391,1.391,stable,tight-stable,0.5465,0.55251,0.55483,0.00833,0.00232,True,False,"ESCO-count-weighted Klinger 3-digit→2-digit; LFS lfsa_egai2d__custom_21241431, age=Y15-64, sex=T, year=2025, n_codes=40/43"," Suppressed OC2 codes: OC62, OC63, OC95"
EE,Estonia,2025,36,OC01;OC02;OC03;OC11;OC62;OC63;OC95,0.5078,0.2696,0.96713,0.49111,-0.01669,0.24942,0.96525,0.49015,-0.01765,0.00096,0.054,0.946,stable,tight-stable,0.5923,0.58792,0.58813,-0.00417,0.00021,False,False,"ESCO-count-weighted Klinger 3-digit→2-digit; LFS lfsa_egai2d__custom_21241431, age=Y15-64, sex=T, year=2025, n_codes=36/43"," Suppressed OC2 codes: OC01, OC02, OC03, OC11, OC62, OC63, OC95"
EL,Greece,2025,41,OC63;OC95,0.4957,0.28329,1.01624,0.50375,0.00805,0.25471,0.98572,0.48862,-0.00708,0.01513,2.137,1.137,stable,tight-stable,0.6128,0.61101,0.61481,0.00201,0.0038,False,False,"ESCO-count-weighted Klinger 3-digit→2-digit; LFS lfsa_egai2d__custom_21241431, age=Y15-64, sex=T, year=2025, n_codes=41/43"," Suppressed OC2 codes: OC63, OC95"
ES,Spain,2025,42,OC63,0.4821,0.27403,0.983,0.47391,-0.00819,0.25212,0.9757,0.47038,-0.01172,0.00353,0.301,0.699,stable,tight-stable,0.4409,0.43797,0.43885,-0.00205,0.00088,False,False,"ESCO-count-weighted Klinger 3-digit→2-digit; LFS lfsa_egai2d__custom_21241431, age=Y15-64, sex=T, year=2025, n_codes=42/43", Suppressed OC2 codes: OC63
FI,Finland,2025,40,OC03;OC63;OC92,0.5018,0.27602,0.99013,0.49685,-0.00495,0.25807,0.99873,0.50116,-0.00064,-0.00431,6.735,7.735,stable,tight-stable,0.5359,0.53577,0.53466,-0.00124,-0.00111,False,False,"ESCO-count-weighted Klinger 3-digit→2-digit; LFS lfsa_egai2d__custom_21241431, age=Y15-64, sex=T, year=2025, n_codes=40/43"," Suppressed OC2 codes: OC03, OC63, OC92"
FR,France,2025,41,OC63;OC95,0.5174,0.28555,1.02433,0.52999,0.01259,0.26669,1.03208,0.534,0.0166,-0.00401,0.242,0.758,stable,tight-stable,0.4159,0.42008,0.41905,0.00315,-0.00103,False,False,"ESCO-count-weighted Klinger 3-digit→2-digit; LFS lfsa_egai2d__custom_21241431, age=Y15-64, sex=T, year=2025, n_codes=41/43"," Suppressed OC2 codes: OC63, OC95"
HR,Croatia,2025,41,OC63;OC95,0.5053,0.27545,0.98809,0.49928,-0.00602,0.25863,1.00089,0.50575,0.00045,-0.00647,14.377,13.377,stable,tight-stable,0.5715,0.57164,0.57,-0.0015,-0.00164,False,False,"ESCO-count-weighted Klinger 3-digit→2-digit; LFS lfsa_egai2d__custom_21241431, age=Y15-64, sex=T, year=2025, n_codes=41/43"," Suppressed OC2 codes: OC63, OC95"
HU,Hungary,2025,40,OC03;OC63;OC95,0.4935,0.25972,0.93168,0.45979,-0.03371,0.24082,0.93197,0.45993,-0.03357,-0.00014,0.004,1.004,stable,tight-stable,0.5494,0.54099,0.54097,-0.00843,-2e-05,False,False,"ESCO-count-weighted Klinger 3-digit→2-digit; LFS lfsa_egai2d__custom_21241431, age=Y15-64, sex=T, year=2025, n_codes=40/43"," Suppressed OC2 codes: OC03, OC63, OC95"
IE,Ireland,2025,37,OC01;OC02;OC03;OC62;OC63;OC95,0.5329,0.29659,1.06393,0.56697,0.03407,0.27639,1.06962,0.57,0.0371,-0.00303,0.082,0.918,stable,tight-stable,0.3975,0.40679,0.40602,0.00852,-0.00077,True,True,"ESCO-count-weighted Klinger 3-digit→2-digit; LFS lfsa_egai2d__custom_21241431, age=Y15-64, sex=T, year=2025, n_codes=37/43"," Suppressed OC2 codes: OC01, OC02, OC03, OC62, OC63, OC95"
IT,Italy,2025,42,OC63,0.497,0.27307,0.97958,0.48685,-0.01015,0.25254,0.97732,0.48573,-0.01127,0.00112,0.099,0.901,stable,tight-stable,0.5781,0.5753,0.57556,-0.00254,0.00026,False,False,"ESCO-count-weighted Klinger 3-digit→2-digit; LFS lfsa_egai2d__custom_21241431, age=Y15-64, sex=T, year=2025, n_codes=42/43", Suppressed OC2 codes: OC63
LT,Lithuania,2025,39,OC02;OC03;OC63;OC95,0.5021,0.2738,0.98217,0.49315,-0.00895,0.25496,0.98669,0.49542,-0.00668,-0.00227,0.34,1.34,stable,tight-stable,0.5924,0.59075,0.59016,-0.00224,-0.00059,False,False,"ESCO-count-weighted Klinger 3-digit→2-digit; LFS lfsa_egai2d__custom_21241431, age=Y15-64, sex=T, year=2025, n_codes=39/43"," Suppressed OC2 codes: OC02, OC03, OC63, OC95"
LU,Luxembourg,2022,36,OC01;OC02;OC03;OC62;OC63;OC82;OC95,0.6199,0.31033,1.11324,0.6901,0.0702,0.28542,1.10457,0.68472,0.06482,0.00538,0.083,1.083,stable,tight-up,0.4083,0.42449,0.42585,0.01755,0.00136,True,True,"ESCO-count-weighted Klinger 3-digit→2-digit; LFS lfsa_egai2d__custom_21241431, age=Y15-64, sex=T, year=2022, n_codes=36/43"," Suppressed OC2 codes: OC01, OC02, OC03, OC62, OC63, OC82, OC95"
LV,Latvia,2025,39,OC01;OC44;OC73;OC95,0.4841,0.27827,0.99823,0.48324,-0.00086,0.25408,0.98328,0.47601,-0.00809,0.00723,0.894,0.106,stable,tight-stable,0.5926,0.59058,0.59239,-0.00021,0.00181,False,False,"ESCO-count-weighted Klinger 3-digit→2-digit; LFS lfsa_egai2d__custom_21241431, age=Y15-64, sex=T, year=2025, n_codes=39/43"," Suppressed OC2 codes: OC01, OC44, OC73, OC95"
MT,Malta,2025,38,OC01;OC02;OC63;OC92;OC95,0.5093,0.2947,1.05715,0.53841,0.02911,0.27469,1.06304,0.54141,0.03211,-0.003,0.094,0.906,stable,tight-stable,0.5483,0.55634,0.55558,0.00728,-0.00076,False,False,"ESCO-count-weighted Klinger 3-digit→2-digit; LFS lfsa_egai2d__custom_21241431, age=Y15-64, sex=T, year=2025, n_codes=38/43"," Suppressed OC2 codes: OC01, OC02, OC63, OC92, OC95"
NL,Netherlands,2025,40,OC62;OC63;OC95,0.5502,0.30396,1.09038,0.59993,0.04973,0.28185,1.09075,0.60013,0.04993,-0.0002,0.004,0.996,stable,tight-up,0.4652,0.47769,0.47763,0.01243,-6e-05,True,True,"ESCO-count-weighted Klinger 3-digit→2-digit; LFS lfsa_egai2d__custom_21241431, age=Y15-64, sex=T, year=2025, n_codes=40/43"," Suppressed OC2 codes: OC62, OC63, OC95"
PL,Poland,2025,41,OC63;OC95,0.5171,0.27258,0.97782,0.50563,-0.01147,0.24999,0.96746,0.50027,-0.01683,0.00536,0.318,0.682,stable,tight-stable,0.6165,0.61228,0.61363,-0.00287,0.00135,False,False,"ESCO-count-weighted Klinger 3-digit→2-digit; LFS lfsa_egai2d__custom_21241431, age=Y15-64, sex=T, year=2025, n_codes=41/43"," Suppressed OC2 codes: OC63, OC95"
PT,Portugal,2025,42,OC63,0.5078,0.27646,0.99174,0.5036,-0.0042,0.25739,0.99609,0.50581,-0.00199,-0.00221,1.109,2.109,stable,tight-stable,0.5836,0.58308,0.58255,-0.00105,-0.00053,False,False,"ESCO-count-weighted Klinger 3-digit→2-digit; LFS lfsa_egai2d__custom_21241431, age=Y15-64, sex=T, year=2025, n_codes=42/43", Suppressed OC2 codes: OC63
RO,Romania,2025,41,OC63;OC95,0.4308,0.23227,0.83319,0.35894,-0.07186,0.21444,0.82988,0.35751,-0.07329,0.00143,0.019,0.981,stable,tight-down,0.5713,0.55293,0.55333,-0.01797,0.0004,False,False,"ESCO-count-weighted Klinger 3-digit→2-digit; LFS lfsa_egai2d__custom_21241431, age=Y15-64, sex=T, year=2025, n_codes=41/43"," Suppressed OC2 codes: OC63, OC95"
SE,Sweden,2025,40,OC02;OC63;OC95,0.5506,0.29894,1.07235,0.59044,0.03984,0.27679,1.07117,0.58979,0.03919,0.00065,0.017,1.017,stable,tight-stable,0.501,0.51079,0.51096,0.00996,0.00017,True,True,"ESCO-count-weighted Klinger 3-digit→2-digit; LFS lfsa_egai2d__custom_21241431, age=Y15-64, sex=T, year=2025, n_codes=40/43"," Suppressed OC2 codes: OC02, OC63, OC95"
SI,Slovenia,2025,41,OC63;OC95,0.4943,0.26159,0.93837,0.46384,-0.03046,0.24309,0.94075,0.46501,-0.02929,-0.00117,0.04,1.04,stable,tight-stable,0.5491,0.54175,0.54148,-0.00762,-0.00027,False,False,"ESCO-count-weighted Klinger 3-digit→2-digit; LFS lfsa_egai2d__custom_21241431, age=Y15-64, sex=T, year=2025, n_codes=41/43"," Suppressed OC2 codes: OC63, OC95"
SK,Slovakia,2025,39,OC01;OC02;OC63;OC95,0.5053,0.27046,0.97019,0.49024,-0.01506,0.25254,0.97732,0.49384,-0.01146,-0.0036,0.314,1.314,stable,tight-stable,0.5751,0.57226,0.57133,-0.00377,-0.00093,False,False,"ESCO-count-weighted Klinger 3-digit→2-digit; LFS lfsa_egai2d__custom_21241431, age=Y15-64, sex=T, year=2025, n_codes=39/43"," Suppressed OC2 codes: OC01, OC02, OC63, OC95"
NO,Norway,2025,37,OC01;OC02;OC03;OC63;OC92;OC95,0.5287,0.30661,1.09989,0.58151,0.05281,0.27864,1.07833,0.57011,0.04141,0.0114,0.275,1.275,stable,tight-up,0.494,0.50438,0.5072,0.0132,0.00282,True,True,"ESCO-count-weighted Klinger 3-digit→2-digit; LFS lfsa_egai2d__custom_21241431, age=Y15-64, sex=T, year=2025, n_codes=37/43"," Suppressed OC2 codes: OC01, OC02, OC03, OC63, OC92, OC95"
IS,Iceland,2024,36,OC01;OC02;OC03;OC63;OC73;OC82;OC95,0.5127,0.31244,1.1208,0.57464,0.06194,0.27863,1.07829,0.55284,0.04014,0.0218,0.543,1.543,stable,tight-up,0.422,0.43199,0.43748,0.01548,0.00549,True,True,"ESCO-count-weighted Klinger 3-digit→2-digit; LFS lfsa_egai2d__custom_21241431, age=Y15-64, sex=T, year=2024, n_codes=36/43"," Suppressed OC2 codes: OC01, OC02, OC03, OC63, OC73, OC82, OC95"
LI,Liechtenstein,2025,41,OC63;OC95,0.5477,0.29336,1.05236,0.57638,0.02868,0.28233,1.09261,0.59842,0.05072,-0.02204,0.435,0.565,stable,tight-stable,0.3253,0.34019,0.33247,0.00717,-0.00772,True,True,"ESCO-count-weighted Klinger 3-digit→2-digit; LFS lfsa_egai2d__custom_21241431, age=Y15-64, sex=T, year=2025, n_codes=41/43","LI proxied from CH per Phase 2 convention Suppressed OC2 codes: OC63, OC95"
CH,Switzerland,2025,41,OC63;OC95,0.5477,0.29336,1.05236,0.57638,0.02868,0.28233,1.09261,0.59842,0.05072,-0.02204,0.435,0.565,stable,tight-stable,0.3997,0.41234,0.40687,0.00717,-0.00547,True,True,"ESCO-count-weighted Klinger 3-digit→2-digit; LFS lfsa_egai2d__custom_21241431, age=Y15-64, sex=T, year=2025, n_codes=41/43"," Suppressed OC2 codes: OC63, OC95"
UK,United Kingdom,2019,42,OC63,0.5436,0.30332,1.08808,0.59148,0.04788,0.28222,1.09219,0.59371,0.05011,-0.00223,0.044,0.956,stable,tight-up,0.4768,0.49153,0.48877,0.01197,-0.00276,True,True,"ESCO-count-weighted Klinger 3-digit→2-digit; LFS lfsa_egai2d__custom_21241431, age=Y15-64, sex=T, year=2019, n_codes=42/43", Suppressed OC2 codes: OC63
BA,Bosnia and Herzegovina,2025,41,OC63;OC95,0.4477,0.24069,0.86341,0.38655,-0.06115,0.22527,0.87179,0.3903,-0.0574,-0.00375,0.065,1.065,stable,tight-down,0.4325,0.40639,0.41721,-0.01529,0.01082,False,False,"ESCO-count-weighted Klinger 3-digit→2-digit; LFS lfsa_egai2d__custom_21241431, age=Y15-64, sex=T, year=2025, n_codes=41/43"," Suppressed OC2 codes: OC63, OC95"
MK,North Macedonia,2025,39,OC02;OC03;OC63;OC95,0.4634,0.24563,0.88112,0.40831,-0.05509,0.22945,0.88797,0.41149,-0.05191,-0.00318,0.061,1.061,stable,tight-down,0.5258,0.50722,0.51203,-0.01377,0.00481,False,False,"ESCO-count-weighted Klinger 3-digit→2-digit; LFS lfsa_egai2d__custom_21241431, age=Y15-64, sex=T, year=2025, n_codes=39/43"," Suppressed OC2 codes: OC02, OC03, OC63, OC95"
RS,Serbia,2025,41,OC63;OC95,0.4802,0.24961,0.8954,0.42997,-0.05023,0.23529,0.91057,0.43726,-0.04294,-0.00729,0.17,1.17,stable,tight-down,0.517,0.49745,0.50444,-0.01256,0.00699,False,False,"ESCO-count-weighted Klinger 3-digit→2-digit; LFS lfsa_egai2d__custom_21241431, age=Y15-64, sex=T, year=2025, n_codes=41/43"," Suppressed OC2 codes: OC63, OC95"
TR,Turkey,2025,42,OC63,0.419,0.24306,0.87193,0.36534,-0.05366,0.22385,0.86629,0.36298,-0.05602,0.00236,0.042,0.958,stable,tight-down,0.6111,0.59106,0.59768,-0.01342,0.00662,False,False,"ESCO-count-weighted Klinger 3-digit→2-digit; LFS lfsa_egai2d__custom_21241431, age=Y15-64, sex=T, year=2025, n_codes=42/43", Suppressed OC2 codes: OC63
