term	standard_definition	einfache_definition
ALMP	Active Labour Market Policies — government-run training, retraining, and job-matching programs that help displaced workers re-enter employment.	Aktive Arbeits-Markt-Politik. Trainings- und Job-Vermittlungs-Programme der Regierungen.
Cascade	A chain reaction of institutional failures where one stress overwhelms a buffer that was meant to absorb the next stress.	Eine Kette von Problemen. Ein Problem führt zum nächsten.
Corridor	One of three risk bands (C1 Managed Transition, C2 Partial Absorption, C3 Displacement Without Absorption) defined by the Lens 1 displacement-velocity-to-absorption-capacity ratio.	Ein Risiko-Band. Wir haben 3 Korridore: C1 ist am sichersten, C3 am gefährlichsten.
Displacement	Loss of a job caused by a machine or method that performs the work more cheaply or efficiently than the worker did.	Wenn jemand seinen Job verliert, weil eine Maschine die Arbeit macht.
Fragility class	One of four country-level risk groups (I Robust, II Fragile, III Pre-Failure Risk, IV Currently Failing) that bracket where a market sits across all routine scenarios.	Eine Risiko-Gruppe für Länder. Wir haben 4 Klassen, von 1 (sicher) bis 4 (Krise).
Lens	One of five test dimensions used to score every country: displacement velocity, demographic buffer, distributional fold, polycrisis drag, jurisdictional buffering.	Eine Art, ein Land zu testen. Wir benutzen 5 Linsen.
MFF	The EU Multiannual Financial Framework — the 7-year EU budget that funds programs including labour-market support, cohesion, and crisis response.	Der 7-Jahres-Haushalt der EU.
NDLS	No Demonstrable Loss of Skill — a structural-displacement evidence framework (El-Sahli & Upward 2017) showing lifetime earnings deficits among displaced workers.	Forschung von 2017 zu langfristigen Einkommens-Verlusten nach Job-Verlust.
Post-growth empirical	An economic regime where aggregate output is no longer expanding, weakening the historical reinstatement mechanism (10 of 36 markets).	Eine Wirtschaft, die nicht mehr wächst.
Regime	One of three economic regimes (growth-baseline, secular-stagnation-warning, post-growth-empirical) that determines scenario probability mass.	Eine wirtschaftliche Lage. Wir haben 3 Regime.
Reinstatement effect	The historical pattern by which technological displacement triggers new jobs that re-employ displaced workers; weakening per Autor et al. QJE 2024.	Das historische Muster, dass neue Jobs alte ersetzen.
Robustness	The property of remaining in a safe corridor across scenario perturbations; tested under strict (±0) and softer (±1, no C3) rules.	Wenn ein Land unter Druck stabil bleibt.
Scenario	One of eight futures tested. Seven routine variants (S1 Reinstatement Revival, S2 Climate Adaptation Boom, S3 Jobs Transform, S4 Muddle Through, S5 Wage Cliff, S6 Reinstatement Failure, S7 Bandwidth Fracture) plus one conditional (S8 Polycrisis Drag) carried orthogonally.	Eine mögliche Zukunft. Wir haben 8 getestet.
Scale (aggregate / distributional / both)	A country tag noting whether AI exposure registers as aggregate (employment volume), distributional (within-country inequality), or both.	Ein Etikett, das zeigt: trifft KI viele Menschen oder einige stark?
Secular stagnation	A prolonged period of slow growth and weak labour-market dynamism (Greece and Italy in this analysis).	Eine lange Phase mit langsamem Wachstum.
Squeeze flag	A Lens 4 marker for Mode 1 jurisdictional buffering risk: high domestic worker protection adjacent to weak-protection neighbours, with capital-flow vulnerability. A capital-flight signal, not a labour-displacement signal.	Eine Warnung vor Kapital-Flucht. Anders als Verlust von Arbeit.
Structural bias	The error introduced when corridor thresholds are fitted to historical literature rather than to current theory; corrected in this analysis by re-anchoring the corridor edges to 1.20 / 2.80.	Wenn die Methode das Ergebnis verzerrt.
TAA	Trade Adjustment Assistance — a US program for workers displaced by trade; cited as comparator for European ALMP design choices.	Ein US-Programm für Arbeiter, die durch Handel ihren Job verlieren.
ESCO	European Skills, Competences, Qualifications and Occupations classification — Eurostat's occupational coding system used at 2-digit aggregation in the Klinger weighting.	Das EU-System, das Berufe und Fähigkeiten klassifiziert.
ISCO	International Standard Classification of Occupations — UN/ILO occupation coding system; used at 2-digit aggregation in Lens 5.	Das internationale System, das Berufe nummeriert.
Klinger coordination share	An occupational-level signal measuring how much a job's skills coordinate across many adjacent occupations; high coordination implies easier reskilling pathways.	Ein Maß dafür, wie gut Fähigkeiten eines Berufes auf andere übertragbar sind.
Capability floor	The institutional adaptive-capacity threshold below which a country cannot routinely absorb labour-market shocks; 12 countries breach the floor at 2-digit ESCO.	Die untere Grenze, ab der Institutionen Krisen nicht mehr verkraften.
Breach flag	A country-level marker indicating capability-floor breach (12 countries: BE, CH, DE, DK, IE, IS, LI, LU, NL, NO, SE, UK).	Ein Hinweis, dass ein Land die Untergrenze unterschritten hat.
Polycrisis drag	Lens 5 composite measuring how much concurrent crises (defence, climate, migration, MFF strain) reduce ALMP and reskilling effectiveness.	Wie sehr gleichzeitige Krisen die Anpassungs-Fähigkeit eines Landes schwächen.
S2 dependent	Country flag (AT, LU, TR) indicating that S2 Climate Adaptation Boom is the only routine scenario producing a C1 corridor placement; tech-led reinstatement is structurally closed.	Ein Hinweis, dass nur das Klima-Szenario das Land in die sicherste Gruppe bringt.
Jobs Transform	The S3 scenario: AI substitutes for routine tasks within existing occupations; wages stay stable or rise modestly; jobs reshape — workers spend less time on routine sub-tasks and more on judgment, coordination, and non-routine cognitive-social work. Empirical anchors: Brynjolfsson 2025 (call-centre RCT), Dell'Acqua 2023 (BCG consultants +40% inside the frontier), Nielsen forklift framing.	Ein Szenario, in dem KI Aufgaben innerhalb bestehender Berufe übernimmt. Die Berufe verändern sich, aber die Löhne bleiben stabil oder steigen leicht.
IPCC AR6 likelihood scale	A standardized probability vocabulary (very likely, likely, about as likely as not, unlikely, very unlikely) used to communicate uncertainty bands.	Eine Sprache für Wahrscheinlichkeiten, vom IPCC.
Liberal Market high	A C3 within-corridor sub-cluster (Ireland, UK) at ratio 3.33–3.40, with high knowledge-economy concentration paired with weak ALMP capacity.	Eine Gruppe innerhalb von C3: Irland und das Vereinigte Königreich.
CEE / Mediterranean weak-ALMP	A C3 within-corridor sub-cluster (13 countries) at ratio 2.81–2.96, pulled in by the structural-bias-corrected 2.80 floor.	Die zweite Gruppe in C3: 13 Länder mit schwachen Trainings-Programmen.
Continental Corporatist	A C2 within-corridor sub-cluster (BE, FR, LU, NL) marked by strong ALMP capacity and squeeze-flag clustering.	Eine Gruppe in C2: Belgien, Frankreich, Luxemburg, Niederlande.
Germanic Dual	A C2 within-corridor sub-cluster (AT, CH, DE, LI) marked by post-growth or post-growth-proxied regime, with three carrying the breach flag.	Eine Gruppe in C2: Österreich, Schweiz, Deutschland, Liechtenstein.
Education / Admin Lift	An archetype within the high-coordination cluster (DK, IS, LU, NO) where teaching-heavy occupational structure pulls the Klinger coordination signal up.	Länder, in denen viele Menschen in Bildung und Verwaltung arbeiten.
Finance / Tech Drag	An archetype within the high-coordination cluster (CH, DE, IE, UK) where ICT-heavy occupational structure pulls the Klinger coordination signal down.	Länder, in denen viele Menschen in Finanzen und IT arbeiten.
Currently failing	A Class IV signal where institutional capacity is at or near saturation, making routine scenario perturbation analysis operationally moot (MK, RS, TR).	Ein Land, dessen Institutionen schon überlastet sind.
A→C transition rate	Share of clerical/admin (Zone A) workers who can move into healthcare, trades, and care (Zone C) within five years; the load-bearing absorption-capacity input on Lens 1. Ranges from 9.9% (Nordic flexicurity, derived central) to 3.2% (Liberal Market — Ireland, UK).	Wie viele Büro-Arbeiter in 5 Jahren in Pflege-, Handwerks- oder Gesundheits-Berufe wechseln können.
Reform-velocity composite	A 0–10 score blending veto-player count and recent-reform pace, used at country-specific resolution to derive the A→C transition rate (DE rv=5, AT rv=3, CH rv=1).	Eine Zahl, die zeigt, wie schnell ein Land seine Arbeits-Markt-Regeln reformieren kann.
Internal-transition diagnostic	Firm-level metric — internal transition speed vs external turnover. When external turnover exceeds internal transition speed, the firm pays to produce capability and the market captures it. Country-level data is in the known-limits list.	Ein Maß für Firmen: wie schnell jemand intern in eine neue Rolle wechselt, verglichen damit, wie schnell Mitarbeiter die Firma verlassen.
Deep-reskilling need	The cohort of workers requiring a full occupational reset (not upskilling) by 2035. EU-27 plus UK total: ~7.55 M. Against ~450 K annual net new training capacity, implies a 15-year backlog.	Die Zahl der Arbeiter, die einen kompletten Berufs-Wechsel brauchen.
Regulatory asymmetry	The friction-points delta between EU and UK regulatory regimes (avg 1.2 vs 0.5 per occupation). Translates into the Lens 1 regulated-absorption-friction score that ranges 0.46 (BA) to 0.68 (IS).	Der Unterschied zwischen EU- und UK-Vorschriften, der die Wechsel-Fähigkeit von Arbeitern beeinflusst.
Annex III	The list in the EU AI Act of high-risk AI systems requiring deployer-side compliance. Per-country counts of ~40 high-risk deployer occupations carry Lens 4 squeeze quantification.	Die Liste der Hochrisiko-KI-Systeme im EU-KI-Gesetz.
PWD (Product Liability)	Product Liability Directive post-market duty obligations attached to AI deployments. Per-country counts of ~29 occupations sit in the Lens 4 squeeze quantification alongside Annex III.	Pflichten zur Produkt-Haftung für KI-Anbieter nach Markteinführung.
Zone A / Zone B / Zone C / Zone D	Occupational zones from Layer 4. Zone A: clerical/admin (high AI substitution, low retirement attrition). Zone B: mid-skill manual. Zone C: healthcare/trades/care (low AI substitution, high retirement attrition — unfillable shortage). Zone D: ICT/specialist (EU-wide gap of ~10 M by 2030).	Vier Berufs-Gruppen. A: Büro-Jobs, B: Handwerk mittel, C: Pflege/Handwerk/Gesundheit, D: IT-Spezialisten.
Retirement offset	Annual cohort exit through retirement as a share of AI-displaceable employment per country. Threshold for buffer_holds: 80%. Maximum observed: ~26% (BG/EL/HR/LT/LV/MT/PL/PT/RO). Refutes the silver-lining ageing argument across all 36 markets.	Wie viele Renten-Eintritte pro Jahr im Vergleich zu den Jobs, die KI ersetzen kann.
